id_venda,data_venda,produto,quantidade,preco_unitario,valor_total,cliente
1,2024-11-30,Monitor,6,480.84,2885.04,Cliente B
2,2024-05-23,Impressora,5,4087.96,20439.8,Cliente D
3,2024-07-30,Teclado,6,1898.87,11393.22,Cliente C
4,2024-09-09,Impressora,6,2656.17,15937.02,Cliente C
5,2024-05-08,Impressora,7,605.91,4241.37,Cliente C
6,2024-03-14,Mouse,4,62.79,251.16,Cliente D
7,2024-07-17,Teclado,8,3208.03,25664.24,Cliente E
8,2024-08-31,Teclado,7,2600.12,18200.84,Cliente E
9,2024-01-01,Teclado,9,2988.02,26892.18,Cliente B
10,2024-10-09,Impressora,7,3979.03,27853.210000000003,Cliente E
11,2024-01-29,Monitor,3,3250.7,9752.099999999999,Cliente E
12,2024-09-30,Teclado,3,915.13,2745.39,Cliente C
13,2024-08-12,Fone de Ouvido,8,1835.82,14686.56,Cliente C
14,2024-02-04,Impressora,5,4534.16,22670.8,Cliente B
15,2024-08-11,Mouse,4,3861.23,15444.92,Cliente A
16,2024-06-25,Monitor,8,2805.35,22442.8,Cliente B
17,2024-11-06,Fone de Ouvido,6,1315.44,7892.64,Cliente B
18,2024-10-22,Fone de Ouvido,2,1545.2,3090.4,Cliente D
19,2024-11-28,Mouse,4,3673.19,14692.76,Cliente D
20,2024-04-27,Monitor,4,4263.31,17053.24,Cliente B
21,2024-05-13,Impressora,6,3373.55,20241.300000000003,Cliente B
22,2024-12-11,Notebook,6,4057.17,24343.02,Cliente B
23,2024-11-23,Monitor,1,3844.95,3844.95,Cliente E
24,2024-01-15,Mouse,8,791.03,6328.24,Cliente D
25,2024-03-23,Fone de Ouvido,6,2148.53,12891.18,Cliente B
26,2024-04-24,Impressora,3,807.27,2421.81,Cliente C
27,2024-02-17,Monitor,9,1214.42,10929.78,Cliente C
28,2024-12-07,Notebook,2,4352.84,8705.68,Cliente E
29,2024-05-18,Notebook,8,2390.82,19126.56,Cliente E
30,2024-03-07,Teclado,3,2700.02,8100.0599999999995,Cliente A
31,2024-12-03,Teclado,5,933.31,4666.549999999999,Cliente A
32,2024-04-20,Mouse,6,1595.75,9574.5,Cliente A
33,2024-12-03,Monitor,6,1189.72,7138.32,Cliente E
34,2024-08-12,Monitor,4,1070.62,4282.48,Cliente E
35,2024-02-02,Fone de Ouvido,3,3207.91,9623.73,Cliente E
36,2024-06-05,Fone de Ouvido,4,1321.58,5286.32,Cliente C
37,2024-05-25,Fone de Ouvido,1,3178.48,3178.48,Cliente E
38,2024-08-22,Teclado,4,339.35,1357.4,Cliente C
39,2024-12-30,Monitor,1,751.78,751.78,Cliente A
40,2024-08-09,Monitor,1,1408.97,1408.97,Cliente A
41,2024-10-11,Notebook,6,3005.38,18032.28,Cliente A
42,2024-05-02,Teclado,5,3395.41,16977.05,Cliente B
43,2024-02-11,Impressora,4,2241.45,8965.8,Cliente B
44,2024-11-07,Teclado,3,2256.67,6770.01,Cliente D
45,2024-01-20,Impressora,1,3636.36,3636.36,Cliente D
46,2024-06-20,Notebook,6,128.31,769.86,Cliente D
47,2024-02-13,Mouse,2,1738.4,3476.8,Cliente B
48,2024-04-07,Monitor,8,4102.6,32820.8,Cliente B
49,2024-04-25,Notebook,5,3035.94,15179.7,Cliente D
50,2024-04-29,Monitor,7,1719.27,12034.89,Cliente D
51,2024-05-10,Fone de Ouvido,2,4532.35,9064.7,Cliente E
52,2024-12-24,Mouse,8,3874.48,30995.84,Cliente D
53,2024-09-14,Mouse,2,1361.23,2722.46,Cliente E
54,2024-08-10,Notebook,4,3244.18,12976.72,Cliente C
55,2024-11-24,Mouse,1,2998.97,2998.97,Cliente B
56,2024-06-06,Impressora,5,2035.88,10179.400000000001,Cliente D
57,2024-02-05,Mouse,9,1866.43,16797.87,Cliente B
58,2024-01-20,Monitor,1,1750.62,1750.62,Cliente B
59,2024-03-30,Monitor,9,3104.92,27944.28,Cliente B
60,2024-04-16,Monitor,8,2239.93,17919.44,Cliente C
61,2024-05-24,Monitor,6,4167.72,25006.32,Cliente A
62,2024-11-27,Impressora,7,3364.53,23551.710000000003,Cliente D
63,2024-03-06,Teclado,3,396.16,1188.48,Cliente A
64,2024-09-14,Fone de Ouvido,1,3218.83,3218.83,Cliente A
65,2024-05-28,Notebook,5,1392.18,6960.900000000001,Cliente A
66,2024-05-08,Monitor,2,2984.42,5968.84,Cliente B
67,2024-12-18,Mouse,5,3416.65,17083.25,Cliente E
68,2024-01-14,Monitor,8,1192.6,9540.8,Cliente B
69,2024-01-13,Mouse,9,2311.45,20803.05,Cliente B
70,2024-05-27,Fone de Ouvido,2,992.11,1984.22,Cliente A
71,2024-11-16,Fone de Ouvido,3,309.08,927.24,Cliente B
72,2024-02-21,Fone de Ouvido,3,1923.46,5770.38,Cliente A
73,2024-03-18,Mouse,1,1846.57,1846.57,Cliente E
74,2024-01-16,Monitor,8,4977.63,39821.04,Cliente D
75,2024-11-22,Fone de Ouvido,6,2259.44,13556.64,Cliente A
76,2024-08-15,Impressora,8,1701.17,13609.36,Cliente E
77,2024-08-13,Mouse,9,2923.35,26310.149999999998,Cliente D
78,2024-01-07,Mouse,5,489.4,2447.0,Cliente C
79,2024-05-05,Monitor,3,4810.25,14430.75,Cliente A
80,2024-12-07,Mouse,5,3193.05,15965.25,Cliente A
81,2024-02-05,Mouse,5,3786.45,18932.25,Cliente C
82,2024-01-17,Fone de Ouvido,5,893.87,4469.35,Cliente C
83,2024-12-30,Monitor,3,2076.92,6230.76,Cliente A
84,2024-01-02,Fone de Ouvido,4,2142.31,8569.24,Cliente C
85,2024-07-27,Fone de Ouvido,9,4117.94,37061.46,Cliente B
86,2024-02-09,Monitor,9,56.12,505.08,Cliente D
87,2024-05-11,Notebook,2,1539.22,3078.44,Cliente D
88,2024-04-25,Fone de Ouvido,8,4907.12,39256.96,Cliente D
89,2024-09-12,Impressora,8,2400.69,19205.52,Cliente B
90,2024-02-19,Impressora,7,1943.51,13604.57,Cliente C
91,2024-01-27,Mouse,8,643.15,5145.2,Cliente E
92,2024-09-11,Impressora,3,4872.11,14616.329999999998,Cliente C
93,2024-05-14,Mouse,6,149.13,894.78,Cliente A
94,2024-02-02,Notebook,1,3699.04,3699.04,Cliente D
95,2024-11-18,Monitor,7,3854.57,26981.99,Cliente C
96,2024-04-29,Monitor,1,1256.1,1256.1,Cliente E
97,2024-12-07,Monitor,9,3374.21,30367.89,Cliente A
98,2024-11-18,Impressora,1,510.0,510.0,Cliente B
99,2024-02-04,Notebook,1,1322.38,1322.38,Cliente B
100,2024-12-02,Impressora,7,3950.11,27650.77,Cliente E
101,2024-11-18,Impressora,2,4330.2,8660.4,Cliente A
102,2024-03-05,Notebook,5,3062.01,15310.050000000001,Cliente D
103,2024-10-21,Notebook,8,2558.85,20470.8,Cliente C
104,2024-12-31,Notebook,8,838.55,6708.4,Cliente A
105,2024-06-21,Notebook,3,362.39,1087.17,Cliente B
106,2024-07-06,Monitor,7,632.36,4426.52,Cliente E
107,2024-10-03,Teclado,3,1175.42,3526.26,Cliente E
108,2024-12-26,Teclado,6,1741.29,10447.74,Cliente C
109,2024-05-20,Notebook,6,1935.5,11613.0,Cliente E
110,2024-03-19,Teclado,3,1764.29,5292.87,Cliente E
111,2024-10-17,Teclado,7,1233.32,8633.24,Cliente A
112,2024-03-17,Notebook,3,2573.14,7719.42,Cliente D
113,2024-04-26,Teclado,8,4135.17,33081.36,Cliente C
114,2024-06-27,Impressora,4,1434.53,5738.12,Cliente A
115,2024-07-07,Mouse,1,4714.82,4714.82,Cliente D
116,2024-02-10,Mouse,4,4373.02,17492.08,Cliente A
117,2024-11-30,Notebook,7,850.73,5955.110000000001,Cliente A
118,2024-01-21,Monitor,4,3942.07,15768.28,Cliente E
119,2024-04-15,Notebook,6,2894.21,17365.260000000002,Cliente D
120,2024-12-19,Monitor,9,2854.55,25690.95,Cliente C
121,2024-11-10,Mouse,1,1985.66,1985.66,Cliente C
122,2024-10-29,Notebook,5,2530.71,12653.55,Cliente D
123,2024-10-03,Fone de Ouvido,7,2016.03,14112.21,Cliente E
124,2024-07-08,Impressora,1,2721.68,2721.68,Cliente B
125,2024-06-29,Teclado,4,3158.35,12633.4,Cliente A
126,2024-09-10,Monitor,6,3387.8,20326.800000000003,Cliente E
127,2024-10-31,Fone de Ouvido,2,2685.78,5371.56,Cliente D
128,2024-04-11,Teclado,5,3621.04,18105.2,Cliente A
129,2024-07-01,Teclado,1,749.33,749.33,Cliente C
130,2024-05-12,Notebook,6,1099.31,6595.86,Cliente B
131,2024-03-05,Teclado,6,4102.74,24616.44,Cliente C
132,2024-03-10,Impressora,4,1646.51,6586.04,Cliente D
133,2024-01-01,Fone de Ouvido,8,163.32,1306.56,Cliente A
134,2024-02-05,Teclado,4,811.27,3245.08,Cliente D
135,2024-05-25,Notebook,8,1156.89,9255.12,Cliente A
136,2024-04-01,Impressora,8,4788.75,38310.0,Cliente E
137,2024-11-13,Mouse,5,2886.56,14432.8,Cliente B
138,2024-02-09,Fone de Ouvido,4,4667.02,18668.08,Cliente E
139,2024-04-06,Teclado,2,2897.06,5794.12,Cliente E
140,2024-07-07,Notebook,3,2422.8,7268.400000000001,Cliente D
141,2024-02-08,Mouse,3,1602.95,4808.85,Cliente B
142,2024-02-12,Mouse,4,3051.54,12206.16,Cliente A
143,2024-01-09,Monitor,4,739.03,2956.12,Cliente A
144,2024-12-31,Impressora,5,4496.4,22482.0,Cliente C
145,2024-08-05,Teclado,4,4155.2,16620.8,Cliente A
146,2024-07-23,Notebook,8,1621.78,12974.24,Cliente D
147,2024-05-05,Monitor,6,4766.35,28598.100000000002,Cliente E
148,2024-06-13,Impressora,6,4134.74,24808.44,Cliente E
149,2024-05-02,Monitor,8,3348.22,26785.76,Cliente E
150,2024-04-18,Fone de Ouvido,7,652.72,4569.04,Cliente B
151,2024-09-16,Impressora,8,2417.26,19338.08,Cliente A
152,2024-02-19,Impressora,2,2555.23,5110.46,Cliente D
153,2024-12-11,Teclado,9,1201.13,10810.170000000002,Cliente B
154,2024-08-12,Impressora,1,445.83,445.83,Cliente C
155,2024-09-14,Monitor,8,3894.78,31158.24,Cliente D
156,2024-06-04,Impressora,4,654.07,2616.28,Cliente D
157,2024-10-29,Teclado,4,2991.74,11966.96,Cliente D
158,2024-10-01,Teclado,5,4685.42,23427.1,Cliente E
159,2024-06-20,Fone de Ouvido,8,4386.72,35093.76,Cliente D
160,2024-12-08,Monitor,5,1424.88,7124.400000000001,Cliente A
161,2024-09-06,Mouse,8,4264.67,34117.36,Cliente D
162,2024-06-25,Mouse,1,51.65,51.65,Cliente E
163,2024-04-24,Impressora,9,137.55,1237.95,Cliente D
164,2024-04-13,Fone de Ouvido,6,3032.64,18195.84,Cliente C
165,2024-03-18,Notebook,3,1855.75,5567.25,Cliente C
166,2024-11-13,Impressora,8,1962.98,15703.84,Cliente E
167,2024-01-16,Fone de Ouvido,9,2843.98,25595.82,Cliente A
168,2024-09-02,Monitor,6,999.32,5995.92,Cliente A
169,2024-06-25,Monitor,7,1098.19,7687.33,Cliente B
170,2024-11-13,Monitor,1,2448.78,2448.78,Cliente E
171,2024-10-21,Monitor,5,3783.56,18917.8,Cliente D
172,2024-10-25,Monitor,5,3116.51,15582.550000000001,Cliente E
173,2024-08-23,Fone de Ouvido,4,1521.91,6087.64,Cliente B
174,2024-02-06,Fone de Ouvido,6,2180.17,13081.02,Cliente E
175,2024-08-19,Teclado,7,894.79,6263.53,Cliente E
176,2024-12-15,Mouse,9,419.42,3774.78,Cliente B
177,2024-03-12,Monitor,1,3924.35,3924.35,Cliente A
178,2024-10-24,Notebook,6,1363.67,8182.02,Cliente D
179,2024-10-08,Fone de Ouvido,7,929.94,6509.58,Cliente B
180,2024-12-28,Notebook,3,3473.51,10420.53,Cliente C
181,2024-01-15,Notebook,8,3109.36,24874.88,Cliente A
182,2024-10-12,Notebook,5,3184.29,15921.45,Cliente C
183,2024-11-10,Teclado,9,1183.03,10647.27,Cliente A
184,2024-11-14,Fone de Ouvido,5,1201.6,6008.0,Cliente D
185,2024-05-19,Notebook,9,1142.97,10286.73,Cliente D
186,2024-08-07,Monitor,4,910.08,3640.32,Cliente E
187,2024-04-09,Impressora,9,3295.83,29662.47,Cliente C
188,2024-01-11,Notebook,5,4247.68,21238.4,Cliente A
189,2024-01-09,Teclado,9,3635.37,32718.329999999998,Cliente D
190,2024-03-21,Fone de Ouvido,3,3970.86,11912.58,Cliente B
191,2024-03-21,Teclado,4,2053.75,8215.0,Cliente D
192,2024-10-23,Notebook,9,3287.68,29589.12,Cliente B
193,2024-07-27,Fone de Ouvido,6,1803.47,10820.82,Cliente A
194,2024-03-05,Impressora,2,2651.25,5302.5,Cliente D
195,2024-04-04,Notebook,7,2434.09,17038.63,Cliente D
196,2024-01-25,Teclado,2,925.59,1851.18,Cliente A
197,2024-12-25,Mouse,2,1966.04,3932.08,Cliente D
198,2024-12-05,Monitor,1,4820.92,4820.92,Cliente B
199,2024-09-21,Teclado,3,1280.47,3841.41,Cliente D
200,2024-06-18,Fone de Ouvido,6,712.33,4273.9800000000005,Cliente C
201,2024-08-29,Notebook,8,2121.97,16975.76,Cliente E
202,2024-07-16,Monitor,9,3962.17,35659.53,Cliente B
203,2024-10-02,Notebook,7,2931.63,20521.41,Cliente C
204,2024-11-08,Fone de Ouvido,4,3420.83,13683.32,Cliente A
205,2024-03-28,Notebook,6,988.99,5933.9400000000005,Cliente B
206,2024-04-18,Mouse,5,3113.79,15568.95,Cliente E
207,2024-04-10,Monitor,8,1651.33,13210.64,Cliente E
208,2024-02-05,Monitor,1,4179.8,4179.8,Cliente A
209,2024-12-09,Fone de Ouvido,1,3165.03,3165.03,Cliente A
210,2024-06-23,Mouse,6,1034.34,6206.039999999999,Cliente B
211,2024-10-09,Teclado,2,369.85,739.7,Cliente D
212,2024-02-14,Notebook,5,261.03,1305.1499999999999,Cliente A
213,2024-08-17,Impressora,1,1888.47,1888.47,Cliente D
214,2024-08-22,Notebook,7,1365.96,9561.720000000001,Cliente C
215,2024-04-24,Notebook,1,3248.15,3248.15,Cliente E
216,2024-03-15,Teclado,4,2521.7,10086.8,Cliente D
217,2024-03-10,Notebook,9,1366.8,12301.199999999999,Cliente E
218,2024-09-15,Mouse,1,788.73,788.73,Cliente D
219,2024-09-10,Mouse,4,679.64,2718.56,Cliente C
220,2024-12-25,Monitor,6,4330.07,25980.42,Cliente A
221,2024-03-24,Fone de Ouvido,6,1255.22,7531.32,Cliente C
222,2024-07-23,Impressora,8,3275.97,26207.76,Cliente A
223,2024-08-28,Notebook,1,4062.9,4062.9,Cliente A
224,2024-12-02,Notebook,7,3089.7,21627.899999999998,Cliente E
225,2024-02-14,Teclado,1,4304.85,4304.85,Cliente C
226,2024-09-22,Fone de Ouvido,7,1992.35,13946.449999999999,Cliente D
227,2024-03-09,Mouse,3,4783.3,14349.900000000001,Cliente C
228,2024-12-12,Impressora,8,709.07,5672.56,Cliente E
229,2024-06-23,Monitor,3,555.64,1666.92,Cliente A
230,2024-06-21,Mouse,1,3310.53,3310.53,Cliente E
231,2024-05-14,Fone de Ouvido,8,4717.01,37736.08,Cliente B
232,2024-07-23,Monitor,3,4053.97,12161.91,Cliente B
233,2024-03-26,Teclado,2,428.26,856.52,Cliente D
234,2024-09-25,Teclado,1,1432.87,1432.87,Cliente E
235,2024-10-16,Notebook,3,4655.08,13965.24,Cliente D
236,2024-06-09,Fone de Ouvido,2,1302.64,2605.28,Cliente D
237,2024-04-10,Impressora,2,3916.79,7833.58,Cliente B
238,2024-07-16,Monitor,6,4134.4,24806.399999999998,Cliente D
239,2024-07-11,Mouse,1,2502.49,2502.49,Cliente B
240,2024-01-02,Fone de Ouvido,2,1962.43,3924.86,Cliente A
241,2024-11-29,Fone de Ouvido,6,2278.12,13668.72,Cliente E
242,2024-05-02,Teclado,3,1173.48,3520.44,Cliente D
243,2024-08-01,Notebook,4,4452.49,17809.96,Cliente B
244,2024-03-03,Notebook,1,2280.57,2280.57,Cliente C
245,2024-07-14,Monitor,8,4418.17,35345.36,Cliente D
246,2024-05-13,Teclado,7,573.18,4012.2599999999998,Cliente A
247,2024-10-04,Fone de Ouvido,7,4941.96,34593.72,Cliente A
248,2024-01-07,Impressora,3,2244.2,6732.599999999999,Cliente C
249,2024-10-13,Teclado,3,286.76,860.28,Cliente B
250,2024-11-29,Monitor,2,238.21,476.42,Cliente D
251,2024-05-16,Monitor,1,3743.73,3743.73,Cliente B
252,2024-11-10,Teclado,7,3312.23,23185.61,Cliente A
253,2024-07-15,Monitor,7,4020.55,28143.850000000002,Cliente B
254,2024-10-02,Teclado,2,571.57,1143.14,Cliente A
255,2024-11-07,Mouse,7,226.08,1582.5600000000002,Cliente B
256,2024-02-29,Teclado,8,2567.47,20539.76,Cliente C
257,2024-09-10,Teclado,1,1968.6,1968.6,Cliente E
258,2024-02-13,Monitor,9,2336.64,21029.76,Cliente C
259,2024-07-16,Monitor,7,4958.36,34708.52,Cliente C
260,2024-11-30,Notebook,3,4855.21,14565.630000000001,Cliente E
261,2024-03-27,Notebook,8,4714.46,37715.68,Cliente E
262,2024-10-15,Mouse,7,3930.02,27510.14,Cliente D
263,2024-09-05,Notebook,8,1806.46,14451.68,Cliente D
264,2024-04-02,Teclado,6,2090.05,12540.300000000001,Cliente C
265,2024-03-04,Monitor,9,2770.6,24935.399999999998,Cliente C
266,2024-09-14,Notebook,5,4161.15,20805.75,Cliente A
267,2024-06-15,Notebook,3,390.13,1170.3899999999999,Cliente A
268,2024-05-30,Mouse,3,2150.27,6450.8099999999995,Cliente D
269,2024-02-26,Fone de Ouvido,1,458.96,458.96,Cliente D
270,2024-11-02,Mouse,8,2597.56,20780.48,Cliente A
271,2024-06-17,Teclado,2,4499.56,8999.12,Cliente A
272,2024-11-11,Monitor,3,3923.3,11769.900000000001,Cliente B
273,2024-07-24,Mouse,8,1177.82,9422.56,Cliente B
274,2024-11-29,Notebook,8,4881.15,39049.2,Cliente A
275,2024-09-29,Monitor,4,3353.38,13413.52,Cliente B
276,2024-01-21,Monitor,4,101.62,406.48,Cliente E
277,2024-05-05,Notebook,5,1314.3,6571.5,Cliente D
278,2024-01-24,Mouse,6,1340.53,8043.18,Cliente D
279,2024-10-25,Notebook,5,392.81,1964.05,Cliente A
280,2024-04-02,Fone de Ouvido,7,4801.14,33607.98,Cliente C
281,2024-04-16,Monitor,2,2417.36,4834.72,Cliente A
282,2024-03-04,Impressora,7,4484.28,31389.96,Cliente B
283,2024-07-08,Impressora,7,1644.97,11514.79,Cliente C
284,2024-02-18,Teclado,1,669.91,669.91,Cliente B
285,2024-06-28,Notebook,7,2397.96,16785.72,Cliente E
286,2024-01-26,Notebook,5,614.09,3070.4500000000003,Cliente B
287,2024-05-07,Teclado,3,2455.78,7367.34,Cliente E
288,2024-11-08,Teclado,3,4605.47,13816.41,Cliente E
289,2024-03-11,Teclado,4,2627.8,10511.2,Cliente B
290,2024-12-31,Monitor,2,3101.67,6203.34,Cliente B
291,2024-12-21,Fone de Ouvido,2,825.36,1650.72,Cliente E
292,2024-12-09,Notebook,1,266.49,266.49,Cliente C
293,2024-12-16,Monitor,5,598.5,2992.5,Cliente E
294,2024-02-09,Teclado,4,3012.73,12050.92,Cliente D
295,2024-05-09,Notebook,2,520.31,1040.62,Cliente E
296,2024-05-31,Monitor,3,1911.16,5733.4800000000005,Cliente C
297,2024-03-11,Fone de Ouvido,7,2772.96,19410.72,Cliente D
298,2024-11-09,Monitor,7,1973.83,13816.81,Cliente A
299,2024-09-01,Fone de Ouvido,4,860.23,3440.92,Cliente A
300,2024-11-04,Teclado,5,1405.27,7026.35,Cliente C
301,2024-08-12,Fone de Ouvido,5,4645.17,23225.85,Cliente E
302,2024-07-23,Notebook,6,3396.11,20376.66,Cliente B
303,2024-05-23,Teclado,9,2505.44,22548.96,Cliente C
304,2024-10-23,Notebook,2,112.94,225.88,Cliente D
305,2024-09-20,Impressora,5,4962.46,24812.3,Cliente D
306,2024-06-27,Mouse,3,3373.7,10121.099999999999,Cliente A
307,2024-06-10,Fone de Ouvido,4,1618.77,6475.08,Cliente D
308,2024-02-04,Mouse,6,4402.38,26414.28,Cliente C
309,2024-07-19,Mouse,8,1329.24,10633.92,Cliente D
310,2024-04-05,Fone de Ouvido,1,2742.88,2742.88,Cliente C
311,2024-09-18,Teclado,8,3198.55,25588.4,Cliente B
312,2024-06-16,Impressora,7,1144.26,8009.82,Cliente A
313,2024-02-20,Notebook,1,4893.07,4893.07,Cliente D
314,2024-06-25,Monitor,2,3753.55,7507.1,Cliente C
315,2024-08-08,Notebook,3,2811.18,8433.539999999999,Cliente E
316,2024-02-10,Monitor,1,943.94,943.94,Cliente A
317,2024-03-29,Notebook,9,316.6,2849.4,Cliente B
318,2024-05-13,Fone de Ouvido,8,1634.3,13074.4,Cliente C
319,2024-09-17,Impressora,2,3778.28,7556.56,Cliente B
320,2024-09-27,Monitor,9,1383.19,12448.710000000001,Cliente B
321,2024-12-20,Teclado,7,2720.8,19045.600000000002,Cliente D
322,2024-03-16,Notebook,9,3653.34,32880.06,Cliente D
323,2024-09-22,Notebook,6,584.32,3505.92,Cliente C
324,2024-03-21,Monitor,6,3442.23,20653.38,Cliente E
325,2024-09-09,Teclado,4,504.76,2019.04,Cliente C
326,2024-02-22,Teclado,2,4827.39,9654.78,Cliente E
327,2024-12-20,Fone de Ouvido,7,2467.55,17272.850000000002,Cliente B
328,2024-07-10,Fone de Ouvido,5,795.85,3979.25,Cliente A
329,2024-06-04,Fone de Ouvido,6,1744.8,10468.8,Cliente C
330,2024-03-11,Fone de Ouvido,2,2096.41,4192.82,Cliente C
331,2024-06-14,Fone de Ouvido,5,3803.02,19015.1,Cliente E
332,2024-10-26,Fone de Ouvido,4,3729.95,14919.8,Cliente B
333,2024-12-10,Impressora,9,3079.11,27711.99,Cliente B
334,2024-04-12,Teclado,6,574.36,3446.16,Cliente E
335,2024-04-13,Fone de Ouvido,2,800.27,1600.54,Cliente B
336,2024-04-23,Teclado,1,514.1,514.1,Cliente D
337,2024-04-22,Teclado,5,2907.01,14535.050000000001,Cliente A
338,2024-07-06,Mouse,9,4391.84,39526.56,Cliente C
339,2024-03-12,Impressora,6,2197.31,13183.86,Cliente A
340,2024-01-05,Fone de Ouvido,7,846.2,5923.400000000001,Cliente C
341,2024-10-12,Notebook,5,2812.31,14061.55,Cliente D
342,2024-07-16,Monitor,6,4068.17,24409.02,Cliente B
343,2024-11-14,Notebook,5,3721.47,18607.35,Cliente E
344,2024-03-15,Impressora,9,4413.18,39718.62,Cliente D
345,2024-09-10,Monitor,6,1425.62,8553.72,Cliente A
346,2024-05-19,Impressora,8,1010.07,8080.56,Cliente E
347,2024-12-17,Teclado,2,4405.09,8810.18,Cliente B
348,2024-05-25,Monitor,9,3304.92,29744.28,Cliente D
349,2024-03-03,Teclado,5,1589.1,7945.5,Cliente E
350,2024-06-11,Notebook,7,3724.62,26072.34,Cliente D
351,2024-02-24,Notebook,1,4084.84,4084.84,Cliente D
352,2024-06-02,Monitor,5,3094.14,15470.699999999999,Cliente B
353,2024-05-23,Monitor,2,3455.03,6910.06,Cliente C
354,2024-01-16,Fone de Ouvido,6,1907.54,11445.24,Cliente E
355,2024-01-05,Impressora,1,2716.54,2716.54,Cliente B
356,2024-03-29,Fone de Ouvido,3,2644.59,7933.77,Cliente D
357,2024-04-29,Impressora,5,4247.84,21239.2,Cliente B
358,2024-06-14,Fone de Ouvido,4,4207.82,16831.28,Cliente C
359,2024-07-26,Teclado,3,4171.77,12515.310000000001,Cliente E
360,2024-09-09,Monitor,5,104.61,523.05,Cliente C
361,2024-09-08,Notebook,8,3760.25,30082.0,Cliente A
362,2024-03-18,Impressora,4,3805.45,15221.8,Cliente E
363,2024-04-28,Impressora,1,3407.98,3407.98,Cliente C
364,2024-05-04,Notebook,7,3793.51,26554.57,Cliente D
365,2024-09-24,Fone de Ouvido,8,4217.75,33742.0,Cliente E
366,2024-03-05,Impressora,3,2378.08,7134.24,Cliente E
367,2024-05-13,Teclado,6,2535.15,15210.900000000001,Cliente B
368,2024-06-10,Monitor,2,667.33,1334.66,Cliente D
369,2024-07-15,Notebook,7,1957.61,13703.269999999999,Cliente A
370,2024-07-01,Monitor,8,3234.66,25877.28,Cliente C
371,2024-10-10,Impressora,6,3912.98,23477.88,Cliente B
372,2024-12-29,Impressora,6,1125.19,6751.14,Cliente C
373,2024-10-23,Notebook,5,732.22,3661.1000000000004,Cliente A
374,2024-05-03,Teclado,8,3332.06,26656.48,Cliente A
375,2024-07-07,Mouse,1,59.31,59.31,Cliente E
376,2024-10-03,Notebook,4,932.94,3731.76,Cliente A
377,2024-09-21,Mouse,4,193.9,775.6,Cliente C
378,2024-12-03,Fone de Ouvido,3,876.08,2628.2400000000002,Cliente D
379,2024-06-09,Mouse,3,947.53,2842.59,Cliente D
380,2024-11-08,Teclado,4,1968.98,7875.92,Cliente E
381,2024-02-29,Fone de Ouvido,1,2041.52,2041.52,Cliente C
382,2024-08-27,Mouse,2,4377.6,8755.2,Cliente C
383,2024-03-09,Fone de Ouvido,9,2575.04,23175.36,Cliente A
384,2024-12-28,Mouse,2,3630.85,7261.7,Cliente C
385,2024-10-03,Teclado,5,565.48,2827.4,Cliente B
386,2024-07-08,Mouse,9,1165.92,10493.28,Cliente A
387,2024-11-08,Mouse,9,3529.57,31766.13,Cliente B
388,2024-04-20,Mouse,8,311.38,2491.04,Cliente E
389,2024-06-11,Notebook,1,2458.66,2458.66,Cliente D
390,2024-11-12,Notebook,1,3016.88,3016.88,Cliente E
391,2024-05-11,Notebook,9,3030.62,27275.579999999998,Cliente D
392,2024-04-12,Teclado,8,163.52,1308.16,Cliente E
393,2024-02-15,Fone de Ouvido,9,1644.43,14799.87,Cliente C
394,2024-10-15,Impressora,7,3200.63,22404.41,Cliente B
395,2024-01-31,Mouse,3,787.55,2362.6499999999996,Cliente D
396,2024-11-25,Mouse,3,3492.31,10476.93,Cliente A
397,2024-08-09,Teclado,2,3742.33,7484.66,Cliente B
398,2024-05-21,Mouse,5,4910.75,24553.75,Cliente A
399,2024-09-09,Notebook,3,1088.72,3266.16,Cliente B
400,2024-12-14,Impressora,6,4134.4,24806.399999999998,Cliente B
401,2024-08-22,Monitor,2,2625.47,5250.94,Cliente E
402,2024-04-30,Mouse,3,1898.64,5695.92,Cliente D
403,2024-07-09,Notebook,5,655.76,3278.8,Cliente D
404,2024-01-20,Monitor,1,3690.75,3690.75,Cliente B
405,2024-03-21,Impressora,1,1217.5,1217.5,Cliente C
406,2024-11-21,Monitor,9,1888.54,16996.86,Cliente C
407,2024-12-03,Notebook,7,359.58,2517.06,Cliente A
408,2024-10-11,Fone de Ouvido,1,4016.77,4016.77,Cliente A
409,2024-10-11,Fone de Ouvido,8,3844.61,30756.88,Cliente E
410,2024-01-21,Monitor,3,3681.4,11044.2,Cliente B
411,2024-09-14,Teclado,8,1532.25,12258.0,Cliente A
412,2024-10-07,Monitor,5,908.73,4543.65,Cliente A
413,2024-12-21,Mouse,1,3205.89,3205.89,Cliente B
414,2024-02-13,Mouse,7,2506.02,17542.14,Cliente E
415,2024-03-18,Fone de Ouvido,5,932.35,4661.75,Cliente A
416,2024-09-05,Teclado,6,3445.26,20671.56,Cliente E
417,2024-02-05,Notebook,6,4956.08,29736.48,Cliente D
418,2024-05-02,Mouse,8,3748.74,29989.92,Cliente E
419,2024-12-20,Fone de Ouvido,9,3712.93,33416.369999999995,Cliente C
420,2024-02-26,Impressora,2,4754.05,9508.1,Cliente C
421,2024-10-03,Fone de Ouvido,9,1054.54,9490.86,Cliente E
422,2024-09-07,Mouse,9,2849.47,25645.23,Cliente C
423,2024-03-19,Mouse,7,4899.25,34294.75,Cliente D
424,2024-05-15,Fone de Ouvido,1,868.21,868.21,Cliente B
425,2024-02-03,Notebook,7,3516.25,24613.75,Cliente C
426,2024-07-10,Monitor,5,2949.76,14748.800000000001,Cliente C
427,2024-01-22,Mouse,6,2953.07,17718.420000000002,Cliente E
428,2024-02-01,Fone de Ouvido,7,3503.47,24524.289999999997,Cliente D
429,2024-10-11,Fone de Ouvido,5,4651.6,23258.0,Cliente B
430,2024-02-02,Teclado,7,3923.78,27466.460000000003,Cliente E
431,2024-10-21,Monitor,9,327.87,2950.83,Cliente E
432,2024-05-20,Impressora,3,4271.0,12813.0,Cliente D
433,2024-08-04,Notebook,8,1166.43,9331.44,Cliente B
434,2024-09-16,Impressora,2,1915.73,3831.46,Cliente D
435,2024-02-25,Monitor,7,2335.58,16349.06,Cliente B
436,2024-02-06,Monitor,2,2430.48,4860.96,Cliente D
437,2024-03-17,Monitor,4,2204.14,8816.56,Cliente E
438,2024-09-14,Impressora,7,4689.9,32829.299999999996,Cliente E
439,2024-03-10,Monitor,3,3544.79,10634.369999999999,Cliente A
440,2024-11-23,Fone de Ouvido,2,3174.29,6348.58,Cliente C
441,2024-07-08,Impressora,7,296.72,2077.04,Cliente D
442,2024-02-22,Monitor,1,4524.37,4524.37,Cliente A
443,2024-01-28,Fone de Ouvido,8,4551.48,36411.84,Cliente C
444,2024-01-11,Teclado,3,3912.05,11736.150000000001,Cliente D
445,2024-10-26,Monitor,2,84.79,169.58,Cliente B
446,2024-03-03,Impressora,3,333.54,1000.6200000000001,Cliente C
447,2024-10-02,Mouse,5,1164.86,5824.299999999999,Cliente E
448,2024-01-23,Monitor,8,700.18,5601.44,Cliente A
449,2024-12-28,Mouse,7,2024.24,14169.68,Cliente C
450,2024-04-20,Fone de Ouvido,7,4616.98,32318.859999999997,Cliente C
451,2024-06-05,Teclado,7,2386.7,16706.899999999998,Cliente E
452,2024-11-10,Notebook,8,116.34,930.72,Cliente D
453,2024-01-15,Teclado,1,1449.59,1449.59,Cliente B
454,2024-12-11,Monitor,4,270.74,1082.96,Cliente E
455,2024-01-24,Mouse,6,229.62,1377.72,Cliente B
456,2024-10-31,Mouse,9,1414.81,12733.289999999999,Cliente D
457,2024-03-18,Impressora,2,1414.28,2828.56,Cliente C
458,2024-03-05,Mouse,1,3946.28,3946.28,Cliente B
459,2024-05-06,Impressora,2,4875.43,9750.86,Cliente A
460,2024-11-10,Fone de Ouvido,7,1887.48,13212.36,Cliente A
461,2024-12-10,Notebook,3,2172.99,6518.969999999999,Cliente E
462,2024-02-22,Monitor,2,4231.71,8463.42,Cliente D
463,2024-06-08,Impressora,7,1377.29,9641.029999999999,Cliente E
464,2024-12-19,Notebook,2,824.09,1648.18,Cliente E
465,2024-11-21,Mouse,3,4272.79,12818.369999999999,Cliente E
466,2024-02-28,Mouse,7,280.18,1961.26,Cliente A
467,2024-10-16,Notebook,4,3117.51,12470.04,Cliente A
468,2024-02-02,Mouse,1,2831.86,2831.86,Cliente E
469,2024-10-17,Fone de Ouvido,5,1762.31,8811.55,Cliente A
470,2024-06-22,Fone de Ouvido,9,1610.19,14491.710000000001,Cliente D
471,2024-07-04,Notebook,8,3870.7,30965.6,Cliente E
472,2024-02-06,Impressora,9,477.8,4300.2,Cliente A
473,2024-07-25,Impressora,9,1222.08,10998.72,Cliente B
474,2024-05-16,Notebook,7,3675.62,25729.34,Cliente E
475,2024-03-13,Impressora,4,2764.19,11056.76,Cliente E
476,2024-11-24,Impressora,5,683.54,3417.7,Cliente D
477,2024-12-28,Fone de Ouvido,1,4416.57,4416.57,Cliente C
478,2024-10-18,Impressora,1,1997.57,1997.57,Cliente C
479,2024-09-07,Teclado,3,4147.95,12443.849999999999,Cliente D
480,2024-07-25,Monitor,8,3949.18,31593.44,Cliente D
481,2024-04-11,Mouse,2,3140.91,6281.82,Cliente D
482,2024-12-09,Teclado,4,2497.68,9990.72,Cliente C
483,2024-08-27,Impressora,2,4898.78,9797.56,Cliente D
484,2024-12-05,Fone de Ouvido,5,767.58,3837.9,Cliente A
485,2024-02-04,Notebook,9,3639.52,32755.68,Cliente E
486,2024-12-30,Impressora,1,996.39,996.39,Cliente E
487,2024-09-03,Fone de Ouvido,5,1724.4,8622.0,Cliente B
488,2024-01-30,Monitor,9,1578.06,14202.539999999999,Cliente B
489,2024-02-06,Impressora,1,4737.83,4737.83,Cliente E
490,2024-09-30,Notebook,9,4838.41,43545.69,Cliente A
491,2024-08-07,Fone de Ouvido,8,955.93,7647.44,Cliente C
492,2024-11-16,Fone de Ouvido,4,159.07,636.28,Cliente C
493,2024-05-21,Fone de Ouvido,5,3614.04,18070.2,Cliente A
494,2024-02-14,Monitor,5,2119.05,10595.25,Cliente C
495,2024-10-25,Impressora,6,489.76,2938.56,Cliente D
496,2024-10-11,Monitor,7,3434.58,24042.059999999998,Cliente E
497,2024-10-18,Mouse,8,2748.27,21986.16,Cliente E
498,2024-08-02,Mouse,8,4903.56,39228.48,Cliente A
499,2024-03-03,Impressora,2,1175.68,2351.36,Cliente C
500,2024-12-12,Monitor,9,2049.69,18447.21,Cliente B
501,2024-12-29,Notebook,7,2735.6,19149.2,Cliente B
502,2024-10-22,Fone de Ouvido,4,3968.91,15875.64,Cliente C
503,2024-10-12,Fone de Ouvido,4,2766.75,11067.0,Cliente B
504,2024-01-10,Impressora,8,3083.86,24670.88,Cliente A
505,2024-05-20,Mouse,4,1169.43,4677.72,Cliente A
506,2024-06-07,Mouse,6,4242.25,25453.5,Cliente C
507,2024-12-15,Fone de Ouvido,5,2171.72,10858.599999999999,Cliente B
508,2024-08-24,Impressora,3,747.75,2243.25,Cliente A
509,2024-11-26,Monitor,2,3337.73,6675.46,Cliente A
510,2024-02-17,Mouse,9,1119.65,10076.85,Cliente D
511,2024-10-09,Monitor,9,532.93,4796.37,Cliente D
512,2024-10-04,Mouse,1,4316.84,4316.84,Cliente A
513,2024-03-26,Mouse,3,2327.8,6983.400000000001,Cliente C
514,2024-12-19,Teclado,8,3758.95,30071.6,Cliente E
515,2024-07-29,Mouse,6,1488.41,8930.460000000001,Cliente E
516,2024-05-07,Notebook,5,3945.5,19727.5,Cliente A
517,2024-11-09,Impressora,5,604.08,3020.4,Cliente A
518,2024-01-26,Impressora,6,1812.07,10872.42,Cliente A
519,2024-08-13,Monitor,7,4891.41,34239.869999999995,Cliente C
520,2024-07-23,Mouse,1,3980.25,3980.25,Cliente D
521,2024-05-02,Notebook,9,2511.42,22602.78,Cliente A
522,2024-04-07,Monitor,3,1731.9,5195.700000000001,Cliente A
523,2024-08-04,Teclado,4,4367.07,17468.28,Cliente B
524,2024-08-02,Monitor,1,2747.0,2747.0,Cliente C
525,2024-07-06,Monitor,3,3804.2,11412.599999999999,Cliente A
526,2024-04-08,Mouse,2,3782.83,7565.66,Cliente B
527,2024-09-23,Teclado,2,138.83,277.66,Cliente E
528,2024-11-17,Monitor,1,674.96,674.96,Cliente A
529,2024-02-28,Notebook,8,3315.17,26521.36,Cliente A
530,2024-02-10,Notebook,3,850.02,2550.06,Cliente B
531,2024-08-27,Impressora,3,1314.69,3944.07,Cliente C
532,2024-01-15,Teclado,6,4735.86,28415.159999999996,Cliente A
533,2024-10-20,Teclado,8,2822.9,22583.2,Cliente E
534,2024-05-04,Impressora,9,3766.11,33894.99,Cliente A
535,2024-02-24,Monitor,9,2812.0,25308.0,Cliente E
536,2024-09-15,Teclado,4,2784.94,11139.76,Cliente D
537,2024-05-01,Notebook,5,516.05,2580.25,Cliente D
538,2024-05-02,Notebook,2,1751.13,3502.26,Cliente E
539,2024-06-19,Mouse,9,1448.03,13032.27,Cliente C
540,2024-09-06,Teclado,8,1984.11,15872.88,Cliente A
541,2024-03-30,Monitor,3,4001.8,12005.400000000001,Cliente A
542,2024-01-03,Impressora,9,1891.07,17019.63,Cliente D
543,2024-05-28,Impressora,3,2285.9,6857.700000000001,Cliente E
544,2024-03-04,Monitor,9,2017.04,18153.36,Cliente A
545,2024-04-16,Fone de Ouvido,2,512.37,1024.74,Cliente A
546,2024-05-02,Mouse,9,2233.31,20099.79,Cliente C
547,2024-06-14,Impressora,8,1018.27,8146.16,Cliente B
548,2024-01-16,Teclado,9,974.28,8768.52,Cliente D
549,2024-07-13,Mouse,5,515.48,2577.4,Cliente D
550,2024-01-26,Teclado,2,1815.52,3631.04,Cliente B
551,2024-11-15,Notebook,8,3799.54,30396.32,Cliente A
552,2024-03-13,Mouse,6,1418.39,8510.34,Cliente C
553,2024-09-29,Impressora,8,1596.13,12769.04,Cliente C
554,2024-07-10,Mouse,5,3231.24,16156.199999999999,Cliente D
555,2024-01-05,Mouse,2,1019.41,2038.82,Cliente C
556,2024-07-28,Mouse,6,4489.94,26939.64,Cliente B
557,2024-10-08,Fone de Ouvido,5,2624.94,13124.7,Cliente A
558,2024-12-16,Mouse,5,2265.63,11328.150000000001,Cliente B
559,2024-07-18,Teclado,1,2811.21,2811.21,Cliente E
560,2024-11-21,Notebook,2,871.87,1743.74,Cliente D
561,2024-06-17,Monitor,8,3086.69,24693.52,Cliente C
562,2024-08-05,Mouse,3,1847.35,5542.049999999999,Cliente E
563,2024-04-11,Impressora,3,4491.07,13473.21,Cliente C
564,2024-09-16,Mouse,8,885.83,7086.64,Cliente A
565,2024-08-23,Impressora,8,2559.9,20479.2,Cliente A
566,2024-01-01,Teclado,2,3010.66,6021.32,Cliente A
567,2024-03-13,Impressora,8,215.25,1722.0,Cliente C
568,2024-03-22,Monitor,1,1850.28,1850.28,Cliente E
569,2024-04-25,Notebook,6,3676.54,22059.239999999998,Cliente A
570,2024-05-06,Impressora,8,4110.87,32886.96,Cliente E
571,2024-12-11,Impressora,3,1600.15,4800.450000000001,Cliente C
572,2024-03-31,Notebook,8,4003.04,32024.32,Cliente E
573,2024-02-22,Monitor,1,4840.39,4840.39,Cliente C
574,2024-03-13,Mouse,9,4291.53,38623.77,Cliente C
575,2024-01-03,Impressora,9,632.34,5691.06,Cliente D
576,2024-11-17,Notebook,5,3711.67,18558.35,Cliente C
577,2024-07-29,Teclado,4,1632.35,6529.4,Cliente C
578,2024-01-23,Notebook,6,4942.66,29655.96,Cliente B
579,2024-07-12,Teclado,7,2452.53,17167.710000000003,Cliente A
580,2024-05-03,Monitor,5,656.05,3280.25,Cliente D
581,2024-06-18,Mouse,9,3639.67,32757.03,Cliente D
582,2024-04-30,Notebook,3,1648.91,4946.7300000000005,Cliente D
583,2024-01-30,Fone de Ouvido,7,4985.54,34898.78,Cliente B
584,2024-12-25,Impressora,5,4899.92,24499.6,Cliente C
585,2024-03-30,Monitor,7,3297.86,23085.02,Cliente A
586,2024-04-25,Notebook,2,692.64,1385.28,Cliente E
587,2024-04-14,Impressora,4,3449.96,13799.84,Cliente C
588,2024-08-12,Notebook,2,510.5,1021.0,Cliente B
589,2024-06-24,Teclado,7,195.35,1367.45,Cliente C
590,2024-05-24,Notebook,2,4123.64,8247.28,Cliente C
591,2024-09-11,Fone de Ouvido,1,1088.28,1088.28,Cliente B
592,2024-11-01,Notebook,9,1926.18,17335.62,Cliente D
593,2024-04-20,Notebook,1,4868.61,4868.61,Cliente D
594,2024-09-27,Fone de Ouvido,8,1717.36,13738.88,Cliente A
595,2024-01-06,Monitor,2,1517.62,3035.24,Cliente A
596,2024-01-15,Notebook,8,4595.13,36761.04,Cliente D
597,2024-02-18,Fone de Ouvido,3,598.2,1794.6000000000001,Cliente E
598,2024-03-24,Impressora,6,3809.93,22859.579999999998,Cliente C
599,2024-09-19,Teclado,3,4940.92,14822.76,Cliente E
600,2024-02-03,Teclado,7,4511.42,31579.940000000002,Cliente C
601,2024-01-22,Notebook,9,3275.76,29481.840000000004,Cliente D
602,2024-12-25,Monitor,2,1604.6,3209.2,Cliente A
603,2024-05-06,Monitor,5,1308.89,6544.450000000001,Cliente A
604,2024-12-18,Impressora,6,4105.31,24631.86,Cliente E
605,2024-01-02,Notebook,4,4405.12,17620.48,Cliente A
606,2024-11-06,Teclado,4,2650.9,10603.6,Cliente D
607,2024-05-26,Monitor,4,1259.48,5037.92,Cliente E
608,2024-05-30,Notebook,2,609.07,1218.14,Cliente C
609,2024-04-20,Monitor,4,481.54,1926.16,Cliente A
610,2024-05-05,Fone de Ouvido,1,3609.43,3609.43,Cliente B
611,2024-04-06,Monitor,6,2129.59,12777.54,Cliente A
612,2024-07-19,Teclado,1,4531.53,4531.53,Cliente C
613,2024-05-14,Mouse,6,3711.37,22268.22,Cliente E
614,2024-03-07,Impressora,1,996.74,996.74,Cliente C
615,2024-07-27,Impressora,6,3088.2,18529.199999999997,Cliente B
616,2024-03-17,Teclado,8,2205.75,17646.0,Cliente D
617,2024-12-02,Monitor,2,2907.39,5814.78,Cliente A
618,2024-01-26,Notebook,2,3703.44,7406.88,Cliente E
619,2024-06-06,Monitor,4,4040.67,16162.68,Cliente D
620,2024-01-18,Teclado,3,4226.5,12679.5,Cliente C
621,2024-11-08,Impressora,4,1307.18,5228.72,Cliente E
622,2024-07-21,Monitor,7,204.02,1428.14,Cliente D
623,2024-05-17,Impressora,1,3709.51,3709.51,Cliente E
624,2024-11-20,Notebook,6,576.4,3458.3999999999996,Cliente B
625,2024-12-18,Impressora,3,1608.85,4826.549999999999,Cliente B
626,2024-03-13,Impressora,7,68.89,482.23,Cliente A
627,2024-06-11,Mouse,2,3424.26,6848.52,Cliente A
628,2024-08-27,Mouse,2,877.3,1754.6,Cliente B
629,2024-06-12,Fone de Ouvido,4,3293.65,13174.6,Cliente E
630,2024-08-14,Mouse,1,4959.13,4959.13,Cliente B
631,2024-05-21,Impressora,3,409.72,1229.16,Cliente A
632,2024-12-11,Teclado,9,431.54,3883.86,Cliente B
633,2024-04-24,Impressora,7,1734.88,12144.16,Cliente B
634,2024-03-13,Teclado,7,4338.61,30370.269999999997,Cliente E
635,2024-02-09,Teclado,4,1116.87,4467.48,Cliente D
636,2024-02-22,Mouse,2,1833.87,3667.74,Cliente A
637,2024-01-13,Monitor,4,389.1,1556.4,Cliente E
638,2024-11-07,Notebook,6,3827.62,22965.72,Cliente B
639,2024-04-02,Mouse,3,2071.12,6213.36,Cliente B
640,2024-03-14,Mouse,1,3808.28,3808.28,Cliente D
641,2024-11-09,Monitor,8,4522.86,36182.88,Cliente A
642,2024-01-26,Notebook,5,1202.18,6010.900000000001,Cliente A
643,2024-10-30,Impressora,5,4046.61,20233.05,Cliente C
644,2024-04-03,Fone de Ouvido,4,342.51,1370.04,Cliente A
645,2024-04-15,Fone de Ouvido,6,4499.29,26995.739999999998,Cliente D
646,2024-11-26,Impressora,3,3271.3,9813.900000000001,Cliente C
647,2024-10-02,Mouse,9,4377.42,39396.78,Cliente C
648,2024-08-14,Notebook,5,50.93,254.65,Cliente B
649,2024-09-09,Mouse,3,886.95,2660.8500000000004,Cliente B
650,2024-09-03,Teclado,1,1979.31,1979.31,Cliente A
651,2024-04-11,Mouse,6,1928.54,11571.24,Cliente C
652,2024-04-30,Mouse,2,1172.32,2344.64,Cliente B
653,2024-07-04,Impressora,3,1938.98,5816.9400000000005,Cliente D
654,2024-01-20,Impressora,1,687.8,687.8,Cliente B
655,2024-11-11,Impressora,9,2093.17,18838.53,Cliente B
656,2024-02-27,Fone de Ouvido,8,4021.65,32173.2,Cliente C
657,2024-07-20,Teclado,2,2421.4,4842.8,Cliente C
658,2024-06-02,Impressora,8,139.1,1112.8,Cliente E
659,2024-04-18,Notebook,9,2136.15,19225.350000000002,Cliente D
660,2024-02-16,Fone de Ouvido,1,184.52,184.52,Cliente C
661,2024-06-08,Monitor,5,4832.9,24164.5,Cliente A
662,2024-12-29,Notebook,8,680.9,5447.2,Cliente D
663,2024-05-21,Notebook,2,3553.06,7106.12,Cliente D
664,2024-07-13,Impressora,4,4865.24,19460.96,Cliente C
665,2024-12-23,Monitor,7,4138.89,28972.230000000003,Cliente D
666,2024-03-23,Monitor,3,3511.61,10534.83,Cliente C
667,2024-11-25,Fone de Ouvido,5,4205.33,21026.65,Cliente B
668,2024-09-21,Monitor,8,4909.9,39279.2,Cliente E
669,2024-01-08,Teclado,3,3125.66,9376.98,Cliente B
670,2024-10-16,Impressora,4,2817.96,11271.84,Cliente C
671,2024-03-09,Monitor,9,3159.78,28438.02,Cliente C
672,2024-06-26,Fone de Ouvido,7,2686.75,18807.25,Cliente B
673,2024-11-13,Teclado,1,3193.69,3193.69,Cliente A
674,2024-04-18,Mouse,4,2276.72,9106.88,Cliente A
675,2024-04-08,Mouse,4,1131.29,4525.16,Cliente A
676,2024-06-11,Teclado,9,645.22,5806.9800000000005,Cliente C
677,2024-03-16,Fone de Ouvido,6,388.29,2329.7400000000002,Cliente D
678,2024-01-31,Teclado,9,1353.41,12180.69,Cliente C
679,2024-04-12,Impressora,6,278.31,1669.8600000000001,Cliente D
680,2024-10-20,Impressora,6,2857.5,17145.0,Cliente B
681,2024-12-20,Mouse,5,1454.95,7274.75,Cliente E
682,2024-06-07,Monitor,5,4131.45,20657.25,Cliente D
683,2024-12-13,Fone de Ouvido,2,417.49,834.98,Cliente A
684,2024-12-04,Mouse,8,1170.44,9363.52,Cliente C
685,2024-06-22,Monitor,8,3664.72,29317.76,Cliente B
686,2024-11-05,Monitor,1,3014.1,3014.1,Cliente A
687,2024-10-09,Impressora,8,369.23,2953.84,Cliente B
688,2024-12-05,Notebook,5,4392.34,21961.7,Cliente E
689,2024-04-28,Notebook,2,4392.45,8784.9,Cliente C
690,2024-01-27,Teclado,2,1685.52,3371.04,Cliente C
691,2024-08-16,Impressora,6,1735.01,10410.06,Cliente E
692,2024-03-15,Monitor,9,4945.69,44511.21,Cliente C
693,2024-11-26,Fone de Ouvido,1,3149.57,3149.57,Cliente D
694,2024-09-22,Notebook,6,2680.02,16080.119999999999,Cliente B
695,2024-01-16,Monitor,9,4198.85,37789.65,Cliente A
696,2024-11-22,Notebook,8,1462.19,11697.52,Cliente E
697,2024-07-10,Notebook,6,2174.45,13046.699999999999,Cliente D
698,2024-07-23,Notebook,3,1375.49,4126.47,Cliente A
699,2024-02-21,Fone de Ouvido,8,3956.35,31650.8,Cliente A
700,2024-11-09,Impressora,9,2888.08,25992.72,Cliente E
701,2024-07-30,Fone de Ouvido,1,3311.18,3311.18,Cliente D
702,2024-03-27,Mouse,9,1298.92,11690.28,Cliente A
703,2024-05-29,Monitor,6,1140.12,6840.719999999999,Cliente A
704,2024-01-25,Impressora,6,2467.45,14804.699999999999,Cliente D
705,2024-12-07,Impressora,4,3700.95,14803.8,Cliente C
706,2024-03-01,Impressora,1,2649.94,2649.94,Cliente A
707,2024-03-26,Impressora,8,211.6,1692.8,Cliente B
708,2024-07-26,Fone de Ouvido,2,4349.33,8698.66,Cliente D
709,2024-12-23,Impressora,1,370.2,370.2,Cliente A
710,2024-12-31,Teclado,2,4781.33,9562.66,Cliente E
711,2024-03-27,Monitor,1,174.45,174.45,Cliente B
712,2024-09-25,Impressora,1,3487.53,3487.53,Cliente A
713,2024-04-17,Monitor,9,456.92,4112.28,Cliente B
714,2024-06-19,Teclado,1,4557.85,4557.85,Cliente B
715,2024-01-20,Teclado,4,2348.94,9395.76,Cliente C
716,2024-07-21,Monitor,6,730.74,4384.4400000000005,Cliente B
717,2024-04-11,Notebook,7,1737.04,12159.279999999999,Cliente C
718,2024-07-04,Mouse,2,865.88,1731.76,Cliente D
719,2024-02-12,Notebook,6,894.38,5366.28,Cliente C
720,2024-03-11,Notebook,7,4743.14,33201.98,Cliente E
721,2024-10-06,Fone de Ouvido,2,2253.97,4507.94,Cliente A
722,2024-04-24,Notebook,2,3954.57,7909.14,Cliente D
723,2024-12-19,Impressora,7,3216.05,22512.350000000002,Cliente D
724,2024-06-23,Fone de Ouvido,1,3398.31,3398.31,Cliente E
725,2024-11-26,Fone de Ouvido,8,701.88,5615.04,Cliente C
726,2024-06-13,Teclado,3,1209.21,3627.63,Cliente A
727,2024-01-15,Notebook,6,3944.41,23666.46,Cliente C
728,2024-01-02,Teclado,9,4855.29,43697.61,Cliente B
729,2024-05-28,Monitor,6,1350.24,8101.4400000000005,Cliente C
730,2024-09-21,Mouse,9,1394.27,12548.43,Cliente D
731,2024-03-14,Fone de Ouvido,7,2390.84,16735.88,Cliente A
732,2024-08-30,Monitor,9,4920.01,44280.090000000004,Cliente C
733,2024-09-23,Monitor,2,1381.35,2762.7,Cliente A
734,2024-02-14,Impressora,8,2064.51,16516.08,Cliente A
735,2024-09-15,Mouse,8,4462.83,35702.64,Cliente B
736,2024-06-07,Monitor,2,64.46,128.92,Cliente B
737,2024-05-20,Monitor,4,246.84,987.36,Cliente D
738,2024-02-20,Mouse,7,3040.15,21281.05,Cliente E
739,2024-11-13,Mouse,4,4541.53,18166.12,Cliente A
740,2024-05-26,Monitor,4,1232.34,4929.36,Cliente E
741,2024-12-15,Mouse,6,2374.73,14248.380000000001,Cliente D
742,2024-07-04,Monitor,6,2279.8,13678.800000000001,Cliente A
743,2024-02-25,Monitor,3,2391.21,7173.63,Cliente A
744,2024-05-20,Impressora,9,3131.47,28183.23,Cliente E
745,2024-02-21,Notebook,2,2375.23,4750.46,Cliente C
746,2024-04-23,Monitor,6,2264.97,13589.82,Cliente B
747,2024-06-27,Teclado,7,2397.73,16784.11,Cliente C
748,2024-08-02,Fone de Ouvido,9,2974.79,26773.11,Cliente E
749,2024-12-19,Notebook,3,2708.19,8124.57,Cliente B
750,2024-08-24,Notebook,3,4277.97,12833.91,Cliente C
751,2024-12-22,Notebook,7,295.01,2065.0699999999997,Cliente B
752,2024-05-08,Impressora,4,4174.92,16699.68,Cliente A
753,2024-04-28,Monitor,8,4227.43,33819.44,Cliente C
754,2024-04-21,Impressora,7,1460.29,10222.029999999999,Cliente B
755,2024-06-22,Monitor,5,2341.12,11705.599999999999,Cliente B
756,2024-01-22,Impressora,7,2220.77,15545.39,Cliente B
757,2024-07-24,Impressora,3,1131.62,3394.8599999999997,Cliente C
758,2024-05-11,Fone de Ouvido,2,2014.14,4028.28,Cliente D
759,2024-12-17,Teclado,6,269.72,1618.3200000000002,Cliente C
760,2024-04-07,Impressora,2,1425.22,2850.44,Cliente E
761,2024-06-07,Fone de Ouvido,3,4092.58,12277.74,Cliente C
762,2024-12-06,Mouse,6,1458.58,8751.48,Cliente B
763,2024-07-28,Teclado,5,4100.12,20500.6,Cliente A
764,2024-05-22,Impressora,8,2681.42,21451.36,Cliente C
765,2024-06-29,Notebook,9,4405.32,39647.88,Cliente C
766,2024-05-07,Mouse,3,2895.16,8685.48,Cliente B
767,2024-12-05,Mouse,3,196.86,590.58,Cliente A
768,2024-04-13,Fone de Ouvido,3,3393.33,10179.99,Cliente A
769,2024-04-02,Mouse,6,272.03,1632.1799999999998,Cliente E
770,2024-05-17,Teclado,1,2280.46,2280.46,Cliente C
771,2024-03-20,Impressora,7,4650.66,32554.62,Cliente A
772,2024-03-02,Impressora,1,867.76,867.76,Cliente A
773,2024-03-13,Notebook,5,1979.87,9899.349999999999,Cliente D
774,2024-07-10,Fone de Ouvido,8,3662.81,29302.48,Cliente D
775,2024-09-24,Notebook,4,4417.18,17668.72,Cliente A
776,2024-09-21,Mouse,5,3371.17,16855.85,Cliente E
777,2024-12-02,Notebook,4,1327.96,5311.84,Cliente A
778,2024-12-09,Teclado,4,3389.31,13557.24,Cliente B
779,2024-11-05,Impressora,8,1518.8,12150.4,Cliente C
780,2024-09-06,Mouse,2,3606.22,7212.44,Cliente E
781,2024-04-03,Notebook,1,4772.46,4772.46,Cliente B
782,2024-10-19,Fone de Ouvido,3,3620.9,10862.7,Cliente E
783,2024-09-02,Teclado,9,4321.26,38891.340000000004,Cliente B
784,2024-05-04,Teclado,4,60.41,241.64,Cliente C
785,2024-01-30,Notebook,5,3601.98,18009.9,Cliente C
786,2024-04-03,Impressora,2,4156.46,8312.92,Cliente D
787,2024-05-05,Notebook,4,250.77,1003.08,Cliente B
788,2024-08-30,Mouse,2,4364.41,8728.82,Cliente D
789,2024-02-20,Notebook,2,1320.64,2641.28,Cliente B
790,2024-08-12,Teclado,4,3343.2,13372.8,Cliente D
791,2024-04-17,Notebook,6,4011.76,24070.56,Cliente C
792,2024-07-17,Impressora,7,3330.19,23311.33,Cliente E
793,2024-01-03,Fone de Ouvido,3,506.81,1520.43,Cliente D
794,2024-06-01,Monitor,3,3001.79,9005.369999999999,Cliente B
795,2024-01-14,Notebook,6,2770.44,16622.64,Cliente B
796,2024-12-23,Impressora,3,4506.59,13519.77,Cliente C
797,2024-05-20,Impressora,2,2050.99,4101.98,Cliente B
798,2024-07-01,Fone de Ouvido,8,1639.35,13114.8,Cliente A
799,2024-06-21,Teclado,5,3761.76,18808.800000000003,Cliente E
800,2024-08-13,Impressora,1,2092.74,2092.74,Cliente D
801,2024-09-23,Impressora,3,3248.18,9744.539999999999,Cliente E
802,2024-01-16,Impressora,8,3249.93,25999.44,Cliente C
803,2024-12-16,Impressora,4,4445.79,17783.16,Cliente D
804,2024-09-27,Mouse,7,3013.53,21094.710000000003,Cliente D
805,2024-06-03,Mouse,2,2535.66,5071.32,Cliente A
806,2024-05-30,Teclado,7,737.41,5161.87,Cliente C
807,2024-11-29,Notebook,5,622.9,3114.5,Cliente B
808,2024-03-05,Impressora,5,813.89,4069.45,Cliente A
809,2024-11-02,Fone de Ouvido,6,900.65,5403.9,Cliente A
810,2024-12-29,Notebook,9,3207.49,28867.409999999996,Cliente E
811,2024-08-03,Fone de Ouvido,6,3717.86,22307.16,Cliente E
812,2024-11-25,Notebook,8,2673.46,21387.68,Cliente E
813,2024-10-27,Teclado,7,4153.64,29075.480000000003,Cliente A
814,2024-12-06,Impressora,9,4956.75,44610.75,Cliente B
815,2024-02-29,Impressora,4,4109.06,16436.24,Cliente D
816,2024-02-19,Monitor,2,3489.67,6979.34,Cliente E
817,2024-04-01,Fone de Ouvido,7,2685.84,18800.88,Cliente B
818,2024-02-23,Notebook,6,2271.82,13630.920000000002,Cliente C
819,2024-03-19,Notebook,1,467.74,467.74,Cliente E
820,2024-05-03,Mouse,9,2026.88,18241.920000000002,Cliente D
821,2024-01-28,Monitor,9,4555.17,40996.53,Cliente C
822,2024-04-28,Mouse,2,4049.71,8099.42,Cliente C
823,2024-04-27,Mouse,3,1119.45,3358.3500000000004,Cliente D
824,2024-08-29,Mouse,5,2359.71,11798.55,Cliente E
825,2024-02-19,Fone de Ouvido,5,4092.78,20463.9,Cliente A
826,2024-07-17,Fone de Ouvido,1,383.55,383.55,Cliente D
827,2024-09-18,Teclado,8,1967.59,15740.72,Cliente D
828,2024-02-10,Teclado,8,4266.61,34132.88,Cliente D
829,2024-03-06,Mouse,4,2049.29,8197.16,Cliente C
830,2024-04-10,Monitor,7,434.19,3039.33,Cliente B
831,2024-09-20,Notebook,3,2735.55,8206.650000000001,Cliente A
832,2024-01-07,Fone de Ouvido,6,4315.63,25893.78,Cliente E
833,2024-05-19,Monitor,9,2971.91,26747.19,Cliente E
834,2024-09-24,Impressora,1,1170.08,1170.08,Cliente B
835,2024-11-09,Fone de Ouvido,5,1951.99,9759.95,Cliente D
836,2024-11-01,Fone de Ouvido,4,2278.11,9112.44,Cliente A
837,2024-04-29,Teclado,8,2917.37,23338.96,Cliente E
838,2024-08-22,Notebook,1,3808.79,3808.79,Cliente E
839,2024-07-12,Notebook,9,539.42,4854.78,Cliente D
840,2024-12-04,Impressora,6,4453.78,26722.68,Cliente B
841,2024-02-17,Impressora,4,110.93,443.72,Cliente A
842,2024-07-16,Fone de Ouvido,9,1881.76,16935.84,Cliente B
843,2024-06-02,Mouse,5,185.73,928.65,Cliente B
844,2024-08-17,Teclado,5,1995.22,9976.1,Cliente A
845,2024-09-28,Teclado,5,2652.77,13263.85,Cliente A
846,2024-02-13,Fone de Ouvido,1,2582.82,2582.82,Cliente E
847,2024-10-02,Monitor,1,869.86,869.86,Cliente E
848,2024-12-29,Mouse,8,3246.42,25971.36,Cliente A
849,2024-03-02,Fone de Ouvido,8,271.65,2173.2,Cliente C
850,2024-10-15,Mouse,6,3821.44,22928.64,Cliente E
851,2024-06-13,Mouse,4,4735.89,18943.56,Cliente C
852,2024-05-19,Mouse,2,1731.86,3463.72,Cliente A
853,2024-12-22,Fone de Ouvido,2,2610.33,5220.66,Cliente E
854,2024-01-29,Teclado,9,1925.61,17330.489999999998,Cliente B
855,2024-08-20,Teclado,5,83.22,416.1,Cliente A
856,2024-11-11,Mouse,4,1960.08,7840.32,Cliente D
857,2024-06-21,Monitor,1,3969.02,3969.02,Cliente C
858,2024-08-08,Notebook,7,3000.14,21000.98,Cliente A
859,2024-09-26,Fone de Ouvido,3,551.24,1653.72,Cliente A
860,2024-12-04,Notebook,6,4243.34,25460.04,Cliente E
861,2024-06-05,Monitor,5,2678.87,13394.349999999999,Cliente E
862,2024-02-08,Fone de Ouvido,5,4216.53,21082.649999999998,Cliente E
863,2024-02-10,Mouse,5,2922.1,14610.5,Cliente D
864,2024-04-29,Teclado,1,2820.46,2820.46,Cliente E
865,2024-11-27,Notebook,1,571.03,571.03,Cliente A
866,2024-01-14,Impressora,3,878.43,2635.29,Cliente E
867,2024-04-18,Impressora,4,4861.53,19446.12,Cliente B
868,2024-01-19,Monitor,5,1181.01,5905.05,Cliente E
869,2024-04-16,Mouse,2,4888.39,9776.78,Cliente D
870,2024-07-06,Notebook,8,2682.97,21463.76,Cliente B
871,2024-06-15,Mouse,2,722.16,1444.32,Cliente A
872,2024-01-17,Notebook,9,541.55,4873.95,Cliente A
873,2024-10-04,Monitor,2,1083.88,2167.76,Cliente C
874,2024-03-24,Monitor,9,4631.9,41687.1,Cliente B
875,2024-11-29,Impressora,7,2100.04,14700.279999999999,Cliente C
876,2024-06-06,Mouse,8,2007.4,16059.2,Cliente B
877,2024-01-03,Fone de Ouvido,2,1600.37,3200.74,Cliente B
878,2024-08-01,Impressora,7,777.96,5445.72,Cliente D
879,2024-10-19,Mouse,6,2464.86,14789.16,Cliente C
880,2024-12-10,Impressora,4,693.74,2774.96,Cliente D
881,2024-02-25,Fone de Ouvido,7,4185.63,29299.41,Cliente B
882,2024-11-07,Teclado,4,1883.47,7533.88,Cliente A
883,2024-10-28,Teclado,2,1905.28,3810.56,Cliente B
884,2024-01-08,Teclado,7,2396.33,16774.309999999998,Cliente D
885,2024-06-17,Teclado,8,2248.43,17987.44,Cliente C
886,2024-06-22,Notebook,2,4974.55,9949.1,Cliente C
887,2024-08-26,Teclado,5,2749.64,13748.199999999999,Cliente D
888,2024-05-11,Fone de Ouvido,1,486.6,486.6,Cliente C
889,2024-02-20,Monitor,7,3054.04,21378.28,Cliente E
890,2024-12-19,Monitor,8,800.34,6402.72,Cliente A
891,2024-08-14,Notebook,6,203.14,1218.84,Cliente A
892,2024-01-10,Teclado,5,4855.17,24275.85,Cliente A
893,2024-03-16,Teclado,6,3879.02,23274.12,Cliente C
894,2024-12-26,Teclado,2,4901.54,9803.08,Cliente C
895,2024-04-08,Impressora,1,2415.5,2415.5,Cliente B
896,2024-11-10,Mouse,7,2684.67,18792.690000000002,Cliente B
897,2024-12-07,Impressora,7,883.27,6182.889999999999,Cliente A
898,2024-02-08,Mouse,2,1272.19,2544.38,Cliente E
899,2024-11-30,Teclado,2,4200.82,8401.64,Cliente B
900,2024-08-21,Teclado,1,1813.12,1813.12,Cliente B
901,2024-10-13,Impressora,8,4142.73,33141.84,Cliente C
902,2024-06-02,Impressora,8,3559.62,28476.96,Cliente E
903,2024-10-22,Mouse,1,927.0,927.0,Cliente A
904,2024-08-16,Monitor,8,2561.86,20494.88,Cliente B
905,2024-06-13,Mouse,9,3403.07,30627.63,Cliente E
906,2024-11-12,Impressora,4,1213.43,4853.72,Cliente E
907,2024-01-03,Fone de Ouvido,1,4161.91,4161.91,Cliente A
908,2024-09-09,Impressora,1,2746.9,2746.9,Cliente E
909,2024-12-10,Fone de Ouvido,3,867.95,2603.8500000000004,Cliente E
910,2024-08-10,Notebook,5,2935.77,14678.85,Cliente E
911,2024-12-25,Impressora,5,4998.58,24992.9,Cliente B
912,2024-04-03,Notebook,9,795.08,7155.72,Cliente A
913,2024-06-20,Monitor,2,4092.95,8185.9,Cliente E
914,2024-01-19,Mouse,2,1076.18,2152.36,Cliente E
915,2024-04-05,Fone de Ouvido,6,3922.82,23536.920000000002,Cliente B
916,2024-04-04,Mouse,9,3686.16,33175.44,Cliente A
917,2024-06-02,Notebook,1,1537.42,1537.42,Cliente C
918,2024-02-17,Fone de Ouvido,9,1662.82,14965.38,Cliente B
919,2024-03-19,Mouse,9,3972.98,35756.82,Cliente A
920,2024-11-01,Impressora,9,2334.16,21007.44,Cliente E
921,2024-03-24,Teclado,5,3667.55,18337.75,Cliente A
922,2024-05-29,Notebook,9,782.52,7042.68,Cliente A
923,2024-10-12,Mouse,4,4270.16,17080.64,Cliente A
924,2024-09-01,Notebook,2,3568.88,7137.76,Cliente C
925,2024-10-27,Notebook,6,4539.37,27236.22,Cliente A
926,2024-08-26,Fone de Ouvido,4,705.24,2820.96,Cliente C
927,2024-04-27,Fone de Ouvido,6,2985.42,17912.52,Cliente E
928,2024-04-16,Teclado,3,3015.65,9046.95,Cliente C
929,2024-07-19,Impressora,6,1799.63,10797.78,Cliente E
930,2024-02-20,Notebook,2,2319.41,4638.82,Cliente E
931,2024-10-30,Mouse,2,238.01,476.02,Cliente C
932,2024-04-30,Monitor,9,3742.01,33678.090000000004,Cliente B
933,2024-09-08,Notebook,7,2769.15,19384.05,Cliente D
934,2024-06-05,Notebook,3,335.82,1007.46,Cliente A
935,2024-01-15,Teclado,1,3419.74,3419.74,Cliente D
936,2024-02-09,Impressora,8,2360.57,18884.56,Cliente A
937,2024-11-20,Monitor,6,220.58,1323.48,Cliente A
938,2024-01-15,Fone de Ouvido,7,4849.56,33946.920000000006,Cliente E
939,2024-02-28,Fone de Ouvido,9,4748.11,42732.99,Cliente A
940,2024-12-20,Mouse,5,2588.87,12944.349999999999,Cliente A
941,2024-11-30,Monitor,1,513.68,513.68,Cliente C
942,2024-08-15,Fone de Ouvido,7,3785.38,26497.66,Cliente D
943,2024-11-01,Mouse,5,2485.06,12425.3,Cliente C
944,2024-01-15,Impressora,3,1547.12,4641.36,Cliente A
945,2024-09-05,Mouse,9,2482.52,22342.68,Cliente E
946,2024-01-14,Fone de Ouvido,1,2636.1,2636.1,Cliente C
947,2024-05-25,Teclado,1,2835.42,2835.42,Cliente C
948,2024-04-16,Teclado,1,2234.06,2234.06,Cliente B
949,2024-10-05,Teclado,3,3048.49,9145.47,Cliente A
950,2024-11-19,Fone de Ouvido,6,4597.74,27586.44,Cliente E
951,2024-01-28,Teclado,3,1843.23,5529.6900000000005,Cliente C
952,2024-11-09,Monitor,8,3642.3,29138.4,Cliente C
953,2024-03-05,Impressora,2,4477.54,8955.08,Cliente E
954,2024-11-30,Mouse,9,2307.1,20763.899999999998,Cliente A
955,2024-12-20,Mouse,3,2245.11,6735.33,Cliente B
956,2024-05-11,Fone de Ouvido,5,3030.48,15152.4,Cliente C
957,2024-12-26,Teclado,8,2977.46,23819.68,Cliente B
958,2024-04-20,Teclado,2,4042.62,8085.24,Cliente D
959,2024-06-11,Notebook,6,2408.59,14451.54,Cliente A
960,2024-06-03,Impressora,5,4980.81,24904.050000000003,Cliente D
961,2024-08-05,Monitor,9,344.38,3099.42,Cliente D
962,2024-08-20,Mouse,5,65.68,328.40000000000003,Cliente D
963,2024-04-05,Notebook,2,3218.98,6437.96,Cliente A
964,2024-09-13,Notebook,5,1527.25,7636.25,Cliente A
965,2024-04-22,Fone de Ouvido,4,1239.89,4959.56,Cliente E
966,2024-07-30,Mouse,7,1593.9,11157.300000000001,Cliente B
967,2024-12-21,Fone de Ouvido,6,1317.44,7904.64,Cliente B
968,2024-10-22,Monitor,2,202.41,404.82,Cliente E
969,2024-10-24,Notebook,5,4859.09,24295.45,Cliente E
970,2024-06-08,Notebook,7,1142.69,7998.83,Cliente D
971,2024-11-23,Impressora,7,3683.45,25784.149999999998,Cliente E
972,2024-07-26,Monitor,5,3824.85,19124.25,Cliente C
973,2024-03-01,Notebook,9,4649.82,41848.38,Cliente B
974,2024-05-18,Monitor,4,201.22,804.88,Cliente E
975,2024-09-24,Mouse,3,4366.64,13099.920000000002,Cliente C
976,2024-12-04,Teclado,4,2659.77,10639.08,Cliente C
977,2024-12-25,Notebook,5,3181.09,15905.45,Cliente C
978,2024-01-29,Impressora,6,3240.13,19440.78,Cliente C
979,2024-01-24,Mouse,3,4108.0,12324.0,Cliente D
980,2024-08-20,Monitor,2,1700.37,3400.74,Cliente C
981,2024-07-12,Fone de Ouvido,4,3678.6,14714.4,Cliente D
982,2024-03-29,Mouse,5,2666.46,13332.3,Cliente D
983,2024-07-13,Notebook,4,3977.3,15909.2,Cliente C
984,2024-05-14,Monitor,3,4953.2,14859.599999999999,Cliente B
985,2024-11-23,Teclado,8,1043.22,8345.76,Cliente C
986,2024-04-03,Mouse,4,4973.51,19894.04,Cliente C
987,2024-03-10,Notebook,2,494.57,989.14,Cliente C
988,2024-08-26,Impressora,2,61.47,122.94,Cliente B
989,2024-05-22,Fone de Ouvido,1,268.6,268.6,Cliente A
990,2024-11-24,Monitor,4,1741.82,6967.28,Cliente A
991,2024-05-04,Mouse,9,3182.89,28646.01,Cliente D
992,2024-10-05,Mouse,7,391.7,2741.9,Cliente D
993,2024-07-02,Teclado,7,78.05,546.35,Cliente B
994,2024-11-04,Teclado,7,4688.6,32820.200000000004,Cliente E
995,2024-08-02,Impressora,8,4118.54,32948.32,Cliente A
996,2024-08-24,Fone de Ouvido,1,4055.46,4055.46,Cliente D
997,2024-10-19,Impressora,8,4427.9,35423.2,Cliente A
998,2024-07-27,Notebook,4,3515.17,14060.68,Cliente B
999,2024-11-02,Notebook,4,566.8,2267.2,Cliente B
1000,2024-07-03,Impressora,4,2025.55,8102.2,Cliente E
